iter	MultiClass
0	0.6959268369
1	0.5094938734
2	0.360088935
3	0.2644527198
4	0.227575815
5	0.197148744
6	0.1717476959
7	0.1472590188
8	0.1261479116
9	0.1143488916
