epoch,time,train/loss,metrics/accuracy_top1,metrics/accuracy_top5,val/loss,lr/pg0,lr/pg1,lr/pg2
1,15.4738,0.40421,0.967,1,0.07173,0.000236096,0.000236096,0.000236096
2,29.6786,0.15956,0.959,1,0.09913,0.000380225,0.000380225,0.000380225
3,43.1634,0.14423,0.969,1,0.07115,0.000430106,0.000430106,0.000430106
4,57.346,0.10255,0.973,1,0.06997,0.000289884,0.000289884,0.000289884
5,72.7283,0.07765,0.978,1,0.0567,0.000148512,0.000148512,0.000148512
